altmeri_pantheon;Altmeri Pantheon;;;;;
nedic_pantheon;Nedic Pantheon;;;;;
snow_elves_pantheon;Snow Elf Pantheon;;;;;
nordic_pantheon;Nordic Pantheon;;;;;
bosmer_pantheon;Bosmeri Pantheon;;;;;
eight_divines;Eight Divines;;;;;
nine_divines;Nine Divines;;;;;
twelve_divines;Twelve Divines;;;;;
khajiiti_pantheon;Khajiiti Pantheon;;;;;
yokudan_pantheon;Yokudan Pantheon;;;;;
redguard_pantheon;Redguard Pantheon;;;;;
marukhism;Marukhism;;;;;
reclamations_pantheon;The Reclamations;;;;;
ayleid_pantheon;Ayleid Pantheon;;;;;
keptu_pantheon;Keptu Pantheon;;;;;
four_parents;Four Parents;;;;;
sithis_cult;Sithis Cult;;;;;
miraak_cult;Miraak Cult;;;;;
druidism;Druidism;;;;;
chimer_pantheon;Velothi Pantheon;;;;;
tribunal_pantheon;The Tribunal;;;;;
orcish_pantheon;Orcish Pantheon;;;;;
serpent_king;Serpent King;;;;;
dragon_cult;Dragon Cult;;;;;
kothri_pantheon;Kothringi Pantheon;;;;;
reason_and_logic_cult;Reason and Logic;;;;;
dremora_pantheon;Dremoran Pantheon;;;;;
cult_of_black_worm;Black Worm;;;;;
all_maker_cult;All-Maker;;;;;
cult_of_ancestors;Ancestor Worship;;;;;
old_way_cult;Old Ways;;;;;
celestials;Celestials;;;;;
students_of_magnus;Students of Magnus;;;;;
cult_of_the_insect;Insect God;;;;;
magna_ge;Magna Ge;;;;;
egg_mother;Egg Mother;;;;;
mother_sea;Mother Sea;;;;;
deep_ones;Deep Ones;;;;;
herd_mother;Herd Mother;;;;;
lamae_bal_cult;Lamae Bal Cult;;;;;
horned_rat_cult;Horned Rat;;;;;
golden_paw_cult;Golden Paw;;;;;
shagrath_cult;Shagrath Cult;;;;;
elder_gods;Elder Gods;;;;;
ghost_snake;Ghost Snake;;;;;
god_of_the_wild;God of the Wild;;;;;
zeqqi_cult;Zeqqi Cult;;;;;
xrib_cult;Xrib Cult;;;;;
volcano_god;Volcano God;;;;;
hist;The Hist;;;;;
sload_faith;Sload Faith;;;;;
old_gods_cult;Old Gods Cult;;;;;
tsaesci_pantheon;Tsaesci Order;;;;;
tang_mo_pantheon;Tang Mo Animism;;;;;
kamal_pantheon;Al-Kamalian Animism;;;;;
cult_of_the_moth;Ancestor Moth;;;;;
molag_bal_cult;Molag Bal Cult;;;;;
meridia_cult;Meridia Cult;;;;;
mehrunes_dagon_cult;Mehrunes Dagon Cult;;;;;
hermeus_mora_cult;Hermaeus Mora Cult;;;;;
sheogorath_cult;Sheogorath Cult;;;;;
hircine_cult;Hircine Cult;;;;;
nocturnal_cult;Nocturnal Cult;;;;;
azura_cult;Azura Cult;;;;;
boethiah_cult;Boethiah Cult;;;;;
clavicus_vile_cult;Clavicus Vile Cult;;;;;
malacath_cult;Malacath Cult;;;;;
jyggalag_cult;Jyggalag Cult;;;;;
mephala_cult;Mephala Cult;;;;;
namira_cult;Namira Cult;;;;;
peryite_cult;Peryite Cult;;;;;
sanguine_cult;Sanguine Cult;;;;;
vaermina_cult;Vaermina Cult;;;;;
ithelia_cult;Ithelia Cult;;;;;
po_tun_pantheon;Po Tun Unity;;;;;
unknown_pantheon;Unknown Pantheon;;;;;
cult_of_lorelia;Cult of Nereids;;;;;
thirty_divines;Thirty Divines;;;;;
